iv,iv_tuple,iv_sum,cardinality,size,global_robustness,n_pc_set_candidates
(333321),"(3, 3, 3, 3, 2, 1)",15,6,10,1.8333333333333333,48
(221311),"(2, 2, 1, 3, 1, 1)",10,5,6,1.4166666666666667,24
(101100),"(1, 0, 1, 1, 0, 0)",3,3,21,0.0,24
(544431),"(5, 4, 4, 4, 3, 1)",21,7,21,3.1666666666666665,24
(332110),"(3, 3, 2, 1, 1, 0)",10,5,38,0.0,24
(112101),"(1, 1, 2, 1, 0, 1)",6,4,34,0.2916666666666667,24
(10101010105),"(1, 0, 1, 0, 1, 0, 1, 0, 1, 0, 5)",10,5,5,0.0,0
(200121),"(2, 0, 0, 1, 2, 1)",6,4,2,0.0,12
(121110),"(1, 2, 1, 1, 1, 0)",6,4,92,0.0,24
(020100),"(0, 2, 0, 1, 0, 0)",3,3,58,0.0,12
(324222),"(3, 2, 4, 2, 2, 2)",15,6,7,2.3333333333333335,24
(565552),"(5, 6, 5, 5, 5, 2)",28,8,8,4.5,24
(432321),"(4, 3, 2, 3, 2, 1)",15,6,7,0.9166666666666666,24
(889884),"(8, 8, 9, 8, 8, 4)",45,10,1,11.833333333333334,12
(143250),"(1, 4, 3, 2, 5, 0)",15,6,66,1.6666666666666667,12
(020301),"(0, 2, 0, 3, 0, 1)",6,4,13,1.0,12
(100011),"(1, 0, 0, 0, 1, 1)",3,3,20,0.0,24
(210000),"(2, 1, 0, 0, 0, 0)",3,3,42,0.0,12
(231211),"(2, 3, 1, 2, 1, 1)",10,5,7,0.0,24
(898884),"(8, 9, 8, 8, 8, 4)",45,10,2,10.0,12
(433221),"(4, 3, 3, 2, 2, 1)",15,6,18,0.9166666666666666,48
(111111),"(1, 1, 1, 1, 1, 1)",6,4,42,0.08333333333333333,48
(012120),"(0, 1, 2, 1, 2, 0)",6,4,81,0.3333333333333333,12
(323421),"(3, 2, 3, 4, 2, 1)",15,6,1,2.75,24
(121321),"(1, 2, 1, 3, 2, 1)",10,5,7,1.4166666666666667,24
(656542),"(6, 5, 6, 5, 4, 2)",28,8,4,5.5,12
(456553),"(4, 5, 6, 5, 5, 3)",28,8,10,6.416666666666667,24
(222220),"(2, 2, 2, 2, 2, 0)",10,5,13,0.8333333333333334,24
(224322),"(2, 2, 4, 3, 2, 2)",15,6,13,3.25,24
(344532),"(3, 4, 4, 5, 3, 2)",21,7,1,4.083333333333333,24
(543342),"(5, 4, 3, 3, 4, 2)",21,7,6,0.9166666666666666,24
(233331),"(2, 3, 3, 3, 3, 1)",15,6,37,2.25,48
(424542),"(4, 2, 4, 5, 4, 2)",21,7,1,4.5,12
(422232),"(4, 2, 2, 2, 3, 2)",15,6,2,0.9166666666666666,24
(211110),"(2, 1, 1, 1, 1, 0)",6,4,26,0.0,24
(344433),"(3, 4, 4, 4, 3, 3)",21,7,3,4.25,24
(032221),"(0, 3, 2, 2, 2, 1)",10,5,22,1.3333333333333333,12
(465562),"(4, 6, 5, 5, 6, 2)",28,8,15,4.916666666666667,24
(654553),"(6, 5, 4, 5, 5, 3)",28,8,2,3.6666666666666665,24
(040402),"(0, 4, 0, 4, 0, 2)",10,5,4,1.0,12
(122230),"(1, 2, 2, 2, 3, 0)",10,5,116,1.25,24
(232201),"(2, 3, 2, 2, 0, 1)",10,5,3,0.5,12
(201210),"(2, 0, 1, 2, 1, 0)",6,4,5,0.0,12
(114112),"(1, 1, 4, 1, 1, 2)",10,5,30,2.4166666666666665,24
(434442),"(4, 3, 4, 4, 4, 2)",21,7,9,3.875,48
(335442),"(3, 3, 5, 4, 4, 2)",21,7,32,5.083333333333333,24
(443532),"(4, 4, 3, 5, 3, 2)",21,7,4,2.75,24
(655552),"(6, 5, 5, 5, 5, 2)",28,8,7,4.5,24
(322242),"(3, 2, 2, 2, 4, 2)",15,6,1,1.3333333333333333,24
(211231),"(2, 1, 1, 2, 3, 1)",10,5,12,0.8333333333333334,24
(465472),"(4, 6, 5, 4, 7, 2)",28,8,8,4.333333333333333,12
(143241),"(1, 4, 3, 2, 4, 1)",15,6,42,1.75,24
(344451),"(3, 4, 4, 4, 5, 1)",21,7,29,3.5833333333333335,24
(212122),"(2, 1, 2, 1, 2, 2)",10,5,1,0.9166666666666666,24
(554331),"(5, 5, 4, 3, 3, 1)",21,7,11,1.3333333333333333,24
(533442),"(5, 3, 3, 4, 4, 2)",21,7,4,3.1666666666666665,24
(444342),"(4, 4, 4, 3, 4, 2)",21,7,11,2.388888888888889,36
(111000),"(1, 1, 1, 0, 0, 0)",3,3,226,0.0,24
(101310),"(1, 0, 1, 3, 1, 0)",6,4,35,1.2916666666666667,24
(102111),"(1, 0, 2, 1, 1, 1)",6,4,19,0.4583333333333333,24
(221100),"(2, 2, 1, 1, 0, 0)",6,4,56,0.0,24
(142422),"(1, 4, 2, 4, 2, 2)",15,6,11,2.3333333333333335,24
(433452),"(4, 3, 3, 4, 5, 2)",21,7,3,3.1666666666666665,24
(310132),"(3, 1, 0, 1, 3, 2)",10,5,2,0.0,24
(566452),"(5, 6, 6, 4, 5, 2)",28,8,6,4.5,12
(242412),"(2, 4, 2, 4, 1, 2)",15,6,5,1.9166666666666667,24
(131221),"(1, 3, 1, 2, 2, 1)",10,5,12,0.4166666666666667,24
(000300),"(0, 0, 0, 3, 0, 0)",3,3,9,1.0,4
(545662),"(5, 4, 5, 6, 6, 2)",28,8,1,6.333333333333333,12
(210021),"(2, 1, 0, 0, 2, 1)",6,4,4,0.0,12
(113221),"(1, 1, 3, 2, 2, 1)",10,5,4,1.75,24
(765442),"(7, 6, 5, 4, 4, 2)",28,8,2,1.8333333333333333,12
(011010),"(0, 1, 1, 0, 1, 0)",3,3,94,0.0,24
(336333),"(3, 3, 6, 3, 3, 3)",21,7,11,4.583333333333333,24
(332232),"(3, 3, 2, 2, 3, 2)",15,6,5,0.9166666666666666,48
(012111),"(0, 1, 2, 1, 1, 1)",6,4,47,0.4583333333333333,24
(222121),"(2, 2, 2, 1, 2, 1)",10,5,19,0.7777777777777778,36
(676683),"(6, 7, 6, 6, 8, 3)",36,9,2,6.666666666666667,12
(002001),"(0, 0, 2, 0, 0, 1)",3,3,7,0.25,12
(453432),"(4, 5, 3, 4, 3, 2)",21,7,6,2.3333333333333335,24
(686763),"(6, 8, 6, 7, 6, 3)",36,9,1,6.833333333333333,12
(554563),"(5, 5, 4, 5, 6, 3)",28,8,1,4.5,24
(654321),"(6, 5, 4, 3, 2, 1)",21,7,10,0.5,12
(223111),"(2, 2, 3, 1, 1, 1)",10,5,23,0.5,24
(322210),"(3, 2, 2, 2, 1, 0)",10,5,8,0.0,24
(443352),"(4, 4, 3, 3, 5, 2)",21,7,17,2.1666666666666665,24
(434541),"(4, 3, 4, 5, 4, 1)",21,7,5,4.0,24
(212320),"(2, 1, 2, 3, 2, 0)",10,5,32,1.8333333333333333,24
(344352),"(3, 4, 4, 3, 5, 2)",21,7,17,3.0833333333333335,24
(354351),"(3, 5, 4, 3, 5, 1)",21,7,25,2.5833333333333335,24
(224232),"(2, 2, 4, 2, 3, 2)",15,6,18,2.75,24
(343230),"(3, 4, 3, 2, 3, 0)",15,6,18,0.8333333333333334,12
(321121),"(3, 2, 1, 1, 2, 1)",10,5,17,0.4166666666666667,24
(421242),"(4, 2, 1, 2, 4, 2)",15,6,1,0.4166666666666667,24
(112011),"(1, 1, 2, 0, 1, 1)",6,4,67,0.25,24
(020202),"(0, 2, 0, 2, 0, 2)",6,4,2,0.0,6
(021120),"(0, 2, 1, 1, 2, 0)",6,4,98,0.16666666666666666,24
(342231),"(3, 4, 2, 2, 3, 1)",15,6,13,0.4166666666666667,24
(021030),"(0, 2, 1, 0, 3, 0)",6,4,19,0.0,12
(333231),"(3, 3, 3, 2, 3, 1)",15,6,35,1.3333333333333333,48
(224223),"(2, 2, 4, 2, 2, 3)",15,6,3,2.8333333333333335,12
(353442),"(3, 5, 3, 4, 4, 2)",21,7,9,2.75,24
(665542),"(6, 6, 5, 5, 4, 2)",28,8,6,3.6666666666666665,24
(432100),"(4, 3, 2, 1, 0, 0)",10,5,12,0.0,12
(101220),"(1, 0, 1, 2, 2, 0)",6,4,43,0.5,12
(212100),"(2, 1, 2, 1, 0, 0)",6,4,29,0.0,12
(202321),"(2, 0, 2, 3, 2, 1)",10,5,1,2.3333333333333335,12
(443211),"(4, 4, 3, 2, 1, 1)",15,6,9,0.5,24
(777663),"(7, 7, 7, 6, 6, 3)",36,9,6,6.833333333333333,24
(322332),"(3, 2, 2, 3, 3, 2)",15,6,4,1.8333333333333333,48
(424641),"(4, 2, 4, 6, 4, 1)",21,7,3,5.416666666666667,24
(546553),"(5, 4, 6, 5, 5, 3)",28,8,5,6.416666666666667,24
(555562),"(5, 5, 5, 5, 6, 2)",28,8,4,4.916666666666667,24
(464644),"(4, 6, 4, 6, 4, 4)",28,8,1,5.666666666666667,6
(546652),"(5, 4, 6, 6, 5, 2)",28,8,2,7.333333333333333,12
(241422),"(2, 4, 1, 4, 2, 2)",15,6,2,1.4166666666666667,24
(010020),"(0, 1, 0, 0, 2, 0)",3,3,31,0.0,12
(122131),"(1, 2, 2, 1, 3, 1)",10,5,17,0.9166666666666666,24
(213211),"(2, 1, 3, 2, 1, 1)",10,5,4,1.3333333333333333,24
(556543),"(5, 5, 6, 5, 4, 3)",28,8,2,6.0,24
(323430),"(3, 2, 3, 4, 3, 0)",15,6,21,2.6666666666666665,24
(545752),"(5, 4, 5, 7, 5, 2)",28,8,1,6.75,24
(223431),"(2, 2, 3, 4, 3, 1)",15,6,9,3.1666666666666665,24
(111120),"(1, 1, 1, 1, 2, 0)",6,4,90,0.20833333333333334,24
(345342),"(3, 4, 5, 3, 4, 2)",21,7,13,3.6666666666666665,24
(322111),"(3, 2, 2, 1, 1, 1)",10,5,6,0.5,24
(122311),"(1, 2, 2, 3, 1, 1)",10,5,8,1.9166666666666667,24
(544332),"(5, 4, 4, 3, 3, 2)",21,7,6,1.8333333333333333,24
(004002),"(0, 0, 4, 0, 0, 2)",6,4,13,1.0,3
(667773),"(6, 6, 7, 7, 7, 3)",36,9,5,9.083333333333334,24
(202420),"(2, 0, 2, 4, 2, 0)",10,5,6,2.25,24
(555553),"(5, 5, 5, 5, 5, 3)",28,8,6,5.291666666666667,48
(210111),"(2, 1, 0, 1, 1, 1)",6,4,7,0.0,24
(110121),"(1, 1, 0, 1, 2, 1)",6,4,18,0.0,24
(321000),"(3, 2, 1, 0, 0, 0)",6,4,67,0.0,12
(102210),"(1, 0, 2, 2, 1, 0)",6,4,4,0.4166666666666667,12
(677673),"(6, 7, 7, 6, 7, 3)",36,9,11,7.666666666666667,24
(132130),"(1, 3, 2, 1, 3, 0)",10,5,74,0.4166666666666667,24
(010101),"(0, 1, 0, 1, 0, 1)",3,3,27,0.0,24
(030201),"(0, 3, 0, 2, 0, 1)",6,4,12,0.0,12
(556453),"(5, 5, 6, 4, 5, 3)",28,8,6,5.0,24
(254442),"(2, 5, 4, 4, 4, 2)",21,7,3,3.6666666666666665,12
(445332),"(4, 4, 5, 3, 3, 2)",21,7,11,3.6666666666666665,24
(212221),"(2, 1, 2, 2, 2, 1)",10,5,14,1.125,48
(435432),"(4, 3, 5, 4, 3, 2)",21,7,5,4.666666666666667,24
(254361),"(2, 5, 4, 3, 6, 1)",21,7,46,3.0,12
(456562),"(4, 5, 6, 5, 6, 2)",28,8,10,6.333333333333333,12
(122010),"(1, 2, 2, 0, 1, 0)",6,4,163,0.0,12
(434343),"(4, 3, 4, 3, 4, 3)",21,7,3,3.25,24
(123121),"(1, 2, 3, 1, 2, 1)",10,5,40,1.3333333333333333,24
(543210),"(5, 4, 3, 2, 1, 0)",15,6,8,0.0,12
(232341),"(2, 3, 2, 3, 4, 1)",15,6,17,1.75,24
(233241),"(2, 3, 3, 2, 4, 1)",15,6,58,1.75,48
(444441),"(4, 4, 4, 4, 4, 1)",21,7,12,3.1666666666666665,24
(225222),"(2, 2, 5, 2, 2, 2)",15,6,31,3.25,24
(221131),"(2, 2, 1, 1, 3, 1)",10,5,9,0.0,24
(313431),"(3, 1, 3, 4, 3, 1)",15,6,8,3.1666666666666665,48
(100110),"(1, 0, 0, 1, 1, 0)",3,3,35,0.0,24
(343542),"(3, 4, 3, 5, 4, 2)",21,7,4,3.5833333333333335,24
(234222),"(2, 3, 4, 2, 2, 2)",15,6,16,2.3333333333333335,24
(474643),"(4, 7, 4, 6, 4, 3)",28,8,1,4.666666666666667,12
(888894),"(8, 8, 8, 8, 9, 4)",45,10,2,10.833333333333334,12
(001110),"(0, 0, 1, 1, 1, 0)",3,3,121,0.16666666666666666,24
(032140),"(0, 3, 2, 1, 4, 0)",10,5,43,0.8333333333333334,12
(448444),"(4, 4, 8, 4, 4, 4)",28,8,2,7.333333333333333,3
