id,size,primary_function,primary_chord
(333321),10,I,C
(221311),6,I,F
(101100),21,I,F
(544431),21,II,F
(332110),38,I,B-
(112101),34,VI,G
(10101010105),5,V,G
(200121),2,V,F
(121110),92,I,C
(020100),58,V,B-
(324222),7,V,F
(565552),8,V,C
(432321),7,I,C
(889884),1,V,G
(143250),66,I,E-
(020301),13,II,F
(100011),20,IV,D-
(210000),42,V,F
(231211),7,III,E
(898884),2,bIII,D-
(433221),18,I,B-
(111111),42,V,F
(012120),81,I,C
(323421),1,VI,G
(121321),7,II,G
(656542),4,V,F
(456553),10,V,C
(222220),13,I,B-
(224322),13,I,C
(344532),1,III,D
(543342),6,I,F
(233331),37,I,B-
(424542),1,I,C
(422232),2,bVII,A-
(211110),26,V,F
(344433),3,I,B-
(032221),22,IV,B-
(465562),15,I,G
(654553),2,I,B-
(040402),4,V,F
(122230),116,I,B-
(232201),3,VI,G
(201210),5,I,B-
(114112),30,V,G
(434442),9,I,C
(335442),32,I,C
(443532),4,I,G
(655552),7,bIII,F
(322242),1,I,F
(211231),12,I,F
(465472),8,IV,D-
(143241),42,I,B-
(344451),29,I,B-
(212122),1,V,G
(554331),11,I,B-
(533442),4,V,F
(444342),11,I,B-
(111000),226,II,F
(101310),35,II,C
(102111),19,I,B-
(221100),56,I,B-
(142422),11,I,F
(433452),3,II,G
(310132),2,I,B-
(566452),6,IV,F
(242412),5,IV,E-
(131221),12,I,F
(000300),9,II,B-
(545662),1,I,B-
(210021),4,II,C
(113221),4,I,C
(765442),2,II,C
(011010),94,I,B-
(336333),11,V,F
(332232),5,IV,B-
(012111),47,V,F
(222121),19,I,F
(676683),2,V,B-
(002001),7,III,F
(453432),6,II,C
(686763),1,I,E-
(554563),1,I,C
(654321),10,I,B-
(223111),23,I,E-
(322210),8,I,B-
(443352),17,II,C
(434541),5,bIII,B-
(212320),32,I,F
(344352),17,I,B-
(354351),25,I,B-
(224232),18,V,G
(343230),18,I,F
(321121),17,I,B-
(421242),1,I,C
(112011),67,V,F
(020202),2,II,D
(021120),98,I,E-
(342231),13,IV,C
(021030),19,II,B-
(333231),35,I,B-
(224223),3,III,D
(353442),9,II,G
(665542),6,bVII,E-
(432100),12,I,B-
(101220),43,II,C
(212100),29,VI,F
(202321),1,V,E-
(443211),9,I,F
(777663),6,I,G
(322332),4,I,F
(424641),3,VI,A
(546553),5,VI,G
(555562),4,IV,F
(464644),1,V,F
(546652),2,bIII,A-
(241422),2,I,F
(010020),31,I,F
(122131),17,I,C
(213211),4,VI,G
(556543),2,V,F
(323430),21,I,G
(545752),1,bVII,E-
(223431),9,V,F
(111120),90,I,C
(345342),13,I,C
(322111),6,V,F
(122311),8,V,F
(544332),6,II,C
(004002),13,V,C
(667773),5,I,C
(202420),6,I,F
(555553),6,V,C
(210111),7,I,F
(110121),18,V,B-
(321000),67,I,B-
(102210),4,V,A
(677673),11,I,F
(132130),74,I,B-
(010101),27,V,C
(030201),12,V,F
(556453),6,I,F
(254442),3,IV,B-
(445332),11,I,B-
(212221),14,V,C
(435432),5,I,F
(254361),46,I,C
(456562),10,II,C
(122010),163,I,F
(434343),3,VI,D
(123121),40,I,B-
(543210),8,II,C
(232341),17,I,C
(233241),58,I,F
(444441),12,I,B-
(225222),31,VI,F
(221131),9,I,B
(313431),8,IV,E-
(100110),35,V,F
(343542),4,IV,E-
(234222),16,IV,E-
(474643),1,bVI,A-
(888894),2,I,F
(001110),121,I,B-
(032140),43,I,B-
(448444),2,I,B-
